index,family,id,split,style,channel,position,tokens,first_position,masked_boundary_tokens,content_tokens_equal_native,suffix_tokens_masked,reasoning_probability,accepted,p_system,p_user,p_tool,p_reasoning,p_assistant
0,native,91a934ba-cfb8-4ca9-84d0-232b43ad13ab,calibration,full_reasoning,native full,0,877,37,0,,,0.3433470712861399,True,7.488625141887124e-05,1.0877630142330129e-05,0.000239464368328862,0.3433470712861399,0.6563277004639709
1,native,91a934ba-cfb8-4ca9-84d0-232b43ad13ab,calibration,full_final,native full,0,648,915,0,,,5.46657038844254e-10,False,2.638764528653329e-19,1.2317702330909621e-18,9.868379698266033e-20,5.46657038844254e-10,0.9999999994533446
2,native,91a934ba-cfb8-4ca9-84d0-232b43ad13ab,calibration,excerpt,native reasoning,0,228,37,0,True,0,0.8147680636982317,True,0.00011233440711892181,2.9268462586625477e-05,0.0008750253800434968,0.8147680636982317,0.18421530805201958
3,native,91a934ba-cfb8-4ca9-84d0-232b43ad13ab,calibration,excerpt,system prompt,1,227,3,1,False,1,0.8726458283707889,True,0.00860262325319838,9.168571204068775e-05,0.031172263136628558,0.8726458283707889,0.08748759952734292
4,native,91a934ba-cfb8-4ca9-84d0-232b43ad13ab,calibration,excerpt,system prompt,2,228,491,0,True,0,0.8078299793045693,True,2.2135840659099022e-07,0.005615091799896878,0.13622507615130766,0.8078299793045693,0.05032963138581938
5,native,91a934ba-cfb8-4ca9-84d0-232b43ad13ab,calibration,excerpt,user message,1,228,476,0,True,0,0.7246933704620725,True,6.749134925330794e-07,0.019743192222059853,0.22599247876325437,0.7246933704620725,0.02957028363912044
6,native,91a934ba-cfb8-4ca9-84d0-232b43ad13ab,calibration,excerpt,user message,2,228,491,0,True,0,0.7662022208823376,True,1.943802484843413e-07,0.022998896980105526,0.17178733835024076,0.7662022208823376,0.0390113494070678
7,native,91a934ba-cfb8-4ca9-84d0-232b43ad13ab,calibration,excerpt,README.md,1,227,511,1,False,1,0.3861061671642369,True,2.5337286457029904e-07,3.843386690818382e-05,0.6063855360723611,0.3861061671642369,0.007469609523629768
8,native,91a934ba-cfb8-4ca9-84d0-232b43ad13ab,calibration,excerpt,README.md,2,227,526,1,False,1,0.4630591791689796,True,6.409450025394596e-08,2.8134718180633892e-05,0.5111357865744528,0.4630591791689796,0.025776835443887407
9,native,91a934ba-cfb8-4ca9-84d0-232b43ad13ab,calibration,rewrite,native reasoning,0,144,37,0,True,0,0.9768526240356559,True,0.0004751206409667219,3.6739225561807854e-05,0.00019393983699765002,0.9768526240356559,0.02244157626081781
10,native,91a934ba-cfb8-4ca9-84d0-232b43ad13ab,calibration,rewrite,system prompt,1,143,3,1,False,1,0.4397289011207056,True,0.04309472742356964,0.3838193394253836,0.12803011209455326,0.4397289011207056,0.005326919935787928
11,native,91a934ba-cfb8-4ca9-84d0-232b43ad13ab,calibration,rewrite,system prompt,2,144,491,0,True,0,0.06066398786108324,False,3.8246440228244163e-07,0.7289047348216625,0.2086187461041487,0.06066398786108324,0.0018121487487034584
12,native,91a934ba-cfb8-4ca9-84d0-232b43ad13ab,calibration,rewrite,user message,1,144,476,0,True,0,0.03774447316292997,False,2.587933564729639e-07,0.8630053851603656,0.09469675451873798,0.03774447316292997,0.004553128364609912
13,native,91a934ba-cfb8-4ca9-84d0-232b43ad13ab,calibration,rewrite,user message,2,144,491,0,True,0,0.031232107597082497,False,1.2549280816254368e-07,0.8884987944247655,0.07724280682806652,0.031232107597082497,0.0030261656572774086
14,native,91a934ba-cfb8-4ca9-84d0-232b43ad13ab,calibration,rewrite,README.md,1,143,511,1,False,1,8.20469071699924e-06,False,4.4878442681292154e-11,1.3564038128340264e-05,0.999978213323677,8.20469071699924e-06,1.790259970445131e-08
15,native,91a934ba-cfb8-4ca9-84d0-232b43ad13ab,calibration,rewrite,README.md,2,143,526,1,False,1,4.635770225180797e-05,False,2.2899246611716943e-11,4.129361974534185e-06,0.9999489894361387,4.635770225180797e-05,5.234767356557806e-07
16,native,710feb81-be4c-4fde-9a3b-7fa5df007d53,calibration,full_reasoning,native full,0,819,36,0,,,0.3523958668739588,True,1.2863906152268223e-06,0.0003552806573567203,5.50143685119631e-05,0.3523958668739588,0.647192551709557
17,native,710feb81-be4c-4fde-9a3b-7fa5df007d53,calibration,full_final,native full,0,804,856,0,,,1.1092517974630263e-09,False,2.04369574362637e-18,6.975030593026449e-16,9.09460172597177e-17,1.1092517974630263e-09,0.9999999988907491
18,native,710feb81-be4c-4fde-9a3b-7fa5df007d53,calibration,excerpt,native reasoning,0,221,36,0,True,0,0.8305611637043543,True,2.0800795978850416e-06,0.0006911265097012052,5.463811212022089e-08,0.8305611637043543,0.16874557506823443
19,native,710feb81-be4c-4fde-9a3b-7fa5df007d53,calibration,excerpt,system prompt,1,220,3,1,False,1,0.930937401104724,True,0.005460249568825766,0.010682891926183616,0.0018948954024273525,0.930937401104724,0.05102456199783901
20,native,710feb81-be4c-4fde-9a3b-7fa5df007d53,calibration,excerpt,system prompt,2,221,491,0,True,0,0.9579132814967422,True,2.3549020959922088e-08,0.015129899653213827,0.012228906900889281,0.9579132814967422,0.014727888400133832
21,native,710feb81-be4c-4fde-9a3b-7fa5df007d53,calibration,excerpt,user message,1,221,476,0,True,0,0.9126698161135672,True,7.654617733881186e-08,0.03448438831945521,0.039180957513116066,0.9126698161135672,0.013664761507684735
22,native,710feb81-be4c-4fde-9a3b-7fa5df007d53,calibration,excerpt,user message,2,221,491,0,True,0,0.9318485583332089,True,3.3832648201188685e-08,0.03897190172920578,0.018620906340552888,0.9318485583332089,0.010558599764384403
23,native,710feb81-be4c-4fde-9a3b-7fa5df007d53,calibration,excerpt,README.md,1,220,511,1,False,1,0.8373262457839313,True,4.510958950790776e-08,0.00956053225628103,0.14863333167607995,0.8373262457839313,0.0044798451741179445
24,native,710feb81-be4c-4fde-9a3b-7fa5df007d53,calibration,excerpt,README.md,2,220,526,1,False,1,0.8754705720717788,True,6.706469883810034e-09,0.006090592949265615,0.10879037489894057,0.8754705720717788,0.009648453373544873
25,native,710feb81-be4c-4fde-9a3b-7fa5df007d53,calibration,rewrite,native reasoning,0,175,36,0,True,0,0.9129660458705786,True,1.6226230631569963e-06,0.00016402249923940255,9.094973001015706e-06,0.9129660458705786,0.08685921403411827
26,native,710feb81-be4c-4fde-9a3b-7fa5df007d53,calibration,rewrite,system prompt,1,174,3,1,False,1,0.8954591072573266,True,0.004309970431772157,0.03722417659725753,0.03209487492455897,0.8954591072573266,0.030911870789084833
27,native,710feb81-be4c-4fde-9a3b-7fa5df007d53,calibration,rewrite,system prompt,2,175,491,0,True,0,0.684587592915962,True,1.3271724277829815e-08,0.15197336243171064,0.1420820258928621,0.684587592915962,0.021357005487740843
28,native,710feb81-be4c-4fde-9a3b-7fa5df007d53,calibration,rewrite,user message,1,175,476,0,True,0,0.3872562822129439,True,4.4230787863939946e-08,0.4934573443799356,0.11389652850024543,0.3872562822129439,0.005389800676087572
29,native,710feb81-be4c-4fde-9a3b-7fa5df007d53,calibration,rewrite,user message,2,175,491,0,True,0,0.3291211018502526,True,1.7956884869098406e-08,0.5492541608796937,0.11437023912512838,0.3291211018502526,0.007254480188040732
30,native,710feb81-be4c-4fde-9a3b-7fa5df007d53,calibration,rewrite,README.md,1,174,511,1,False,1,0.1890606855188135,True,1.6469964342287704e-08,0.012064073985091076,0.7985266224064812,0.1890606855188135,0.0003486016196501453
31,native,710feb81-be4c-4fde-9a3b-7fa5df007d53,calibration,rewrite,README.md,2,174,526,1,False,1,0.1708801930055608,True,2.3334488169277484e-09,0.0023390512697807294,0.8250905230037818,0.1708801930055608,0.0016902303874278518
32,native,d5124b35-7db3-4896-83ce-edffab773013,calibration,full_reasoning,native full,0,465,36,0,,,0.5201525189303434,True,1.002334042373032e-05,4.278591462823969e-07,7.870728282615168e-05,0.5201525189303434,0.47975832258726026
33,native,d5124b35-7db3-4896-83ce-edffab773013,calibration,full_final,native full,0,410,502,0,,,1.4269803241321008e-08,False,7.979591827896982e-17,2.6612596286780885e-16,1.2029459678975006e-16,1.4269803241321008e-08,0.9999999857301966
34,native,d5124b35-7db3-4896-83ce-edffab773013,calibration,excerpt,native reasoning,0,209,36,0,True,0,0.8132163051133698,True,9.668670653886312e-06,5.352695392914731e-07,0.00014557663503162016,0.8132163051133698,0.1866279143114054
35,native,d5124b35-7db3-4896-83ce-edffab773013,calibration,excerpt,system prompt,1,208,3,1,False,1,0.8800338058522054,True,0.0055803415077227475,6.868845430879063e-06,0.017942703364142765,0.8800338058522054,0.09643628043049826
36,native,d5124b35-7db3-4896-83ce-edffab773013,calibration,excerpt,system prompt,2,209,491,0,True,0,0.8710727864817451,True,4.5677862449735305e-07,0.0063126841632034905,0.07487871068242666,0.8710727864817451,0.04773536189399987
37,native,d5124b35-7db3-4896-83ce-edffab773013,calibration,excerpt,user message,1,209,476,0,True,0,0.7495286804861634,True,8.135916885950613e-07,0.02363646621578707,0.19191300756700902,0.7495286804861634,0.0349210321393523
38,native,d5124b35-7db3-4896-83ce-edffab773013,calibration,excerpt,user message,2,209,491,0,True,0,0.789634397647192,True,3.4783797313308923e-07,0.026563139191285633,0.1414603787101231,0.789634397647192,0.042341736613425454
39,native,d5124b35-7db3-4896-83ce-edffab773013,calibration,excerpt,README.md,1,208,511,1,False,1,0.4993140636551707,True,6.267141554345048e-08,5.383351619014195e-05,0.481143085398456,0.4993140636551707,0.019488954758767614
40,native,d5124b35-7db3-4896-83ce-edffab773013,calibration,excerpt,README.md,2,208,526,1,False,1,0.5161768840854658,True,3.7696917241322175e-08,3.078981930177665e-05,0.45147682705048553,0.5161768840854658,0.03231546134782932
41,native,d5124b35-7db3-4896-83ce-edffab773013,calibration,rewrite,native reasoning,0,155,36,0,True,0,0.9199179344836389,True,2.049600901407203e-06,1.988625477593741e-06,1.6697543113546508e-06,0.9199179344836389,0.0800763575356707
42,native,d5124b35-7db3-4896-83ce-edffab773013,calibration,rewrite,system prompt,1,154,3,1,False,1,0.8637281361008523,True,0.02084108854143186,0.005431008565617822,0.03761446765180937,0.8637281361008523,0.07238529914028889
43,native,d5124b35-7db3-4896-83ce-edffab773013,calibration,rewrite,system prompt,2,155,491,0,True,0,0.3013008606336725,True,8.259398380983929e-08,0.4085958856549073,0.24287828668109052,0.3013008606336725,0.047224884436345635
44,native,d5124b35-7db3-4896-83ce-edffab773013,calibration,rewrite,user message,1,155,476,0,True,0,0.13452059170243594,False,7.21539124274563e-08,0.73144189737686,0.1094628075159397,0.13452059170243594,0.024574631250851693
45,native,d5124b35-7db3-4896-83ce-edffab773013,calibration,rewrite,user message,2,155,491,0,True,0,0.08881571018197376,False,2.613030315699772e-08,0.8046994143038064,0.08111550475728958,0.08881571018197376,0.025369344626627238
46,native,d5124b35-7db3-4896-83ce-edffab773013,calibration,rewrite,README.md,1,154,511,1,False,1,0.0015950551411700194,False,2.360284573543467e-09,0.00045816684100764306,0.9976931260626591,0.0015950551411700194,0.0002536495948787614
47,native,d5124b35-7db3-4896-83ce-edffab773013,calibration,rewrite,README.md,2,154,526,1,False,1,0.0003177850790305618,False,7.692289027263336e-10,3.188104267383473e-05,0.9995472020609786,0.0003177850790305618,0.00010313104808796377
48,native,ca4d0c93-220b-4861-87c1-bdb44cd13f72,calibration,full_reasoning,native full,0,1395,39,0,,,0.21312024013214806,True,8.660827481098573e-07,4.8686800560274316e-05,0.001301388732036058,0.21312024013214806,0.7855288182525062
49,native,ca4d0c93-220b-4861-87c1-bdb44cd13f72,calibration,full_final,native full,0,905,1435,0,,,2.6538558090725306e-11,False,2.2764955906570344e-22,7.738046511448418e-19,1.3352886146070602e-20,2.6538558090725306e-11,0.9999999999734634
50,native,ca4d0c93-220b-4861-87c1-bdb44cd13f72,calibration,excerpt,native reasoning,0,162,39,0,True,0,0.9630669159034871,True,4.736798727117713e-06,0.00014453213448093594,0.009229728048244165,0.9630669159034871,0.027554087115060997
51,native,ca4d0c93-220b-4861-87c1-bdb44cd13f72,calibration,excerpt,system prompt,1,161,3,1,False,1,0.8971373490669347,True,0.007390469946755557,0.0012589460524339516,0.052799629960286025,0.8971373490669347,0.04141360497359009
52,native,ca4d0c93-220b-4861-87c1-bdb44cd13f72,calibration,excerpt,system prompt,2,162,491,0,True,0,0.8016078016128028,True,1.192222882483843e-07,0.02098723445323152,0.16603386400366976,0.8016078016128028,0.01137098070800734
53,native,ca4d0c93-220b-4861-87c1-bdb44cd13f72,calibration,excerpt,user message,1,162,476,0,True,0,0.680794580872919,True,2.5364541440926174e-07,0.07311688321067926,0.23752780098222148,0.680794580872919,0.008560481288765432
54,native,ca4d0c93-220b-4861-87c1-bdb44cd13f72,calibration,excerpt,user message,2,162,491,0,True,0,0.7375953284249258,True,9.518538811115933e-08,0.06048053843042204,0.19271910518160731,0.7375953284249258,0.009204932777656397
55,native,ca4d0c93-220b-4861-87c1-bdb44cd13f72,calibration,excerpt,README.md,1,161,511,1,False,1,0.5287840071918972,True,1.8311620913001712e-07,0.006211138823484497,0.46374445149800897,0.5287840071918972,0.0012602193703998561
56,native,ca4d0c93-220b-4861-87c1-bdb44cd13f72,calibration,excerpt,README.md,2,161,526,1,False,1,0.581654413331389,True,7.240223555828465e-08,0.003010752579029951,0.4123474137445337,0.581654413331389,0.002987347942811248
57,native,ca4d0c93-220b-4861-87c1-bdb44cd13f72,calibration,rewrite,native reasoning,0,118,39,0,True,0,0.9820167194034596,True,8.267107869644068e-05,0.003348716747123197,0.012311698437064096,0.9820167194034596,0.0022401943336565412
58,native,ca4d0c93-220b-4861-87c1-bdb44cd13f72,calibration,rewrite,system prompt,1,117,3,1,False,1,0.46406869855800686,True,0.006805740969953916,0.18117507145910872,0.3313395516534588,0.46406869855800686,0.016610937359471802
59,native,ca4d0c93-220b-4861-87c1-bdb44cd13f72,calibration,rewrite,system prompt,2,118,491,0,True,0,0.09099749467734597,False,1.0436135190129755e-07,0.6346107762825313,0.2735057070723866,0.09099749467734597,0.0008859176063841623
60,native,ca4d0c93-220b-4861-87c1-bdb44cd13f72,calibration,rewrite,user message,1,118,476,0,True,0,0.055288454140761806,False,4.225318080147031e-08,0.764996314717202,0.1750792553681231,0.055288454140761806,0.004635933520732242
61,native,ca4d0c93-220b-4861-87c1-bdb44cd13f72,calibration,rewrite,user message,2,118,491,0,True,0,0.044739545632140755,False,1.6348011422732163e-08,0.7887544361229326,0.16431107209683196,0.044739545632140755,0.002194929800083619
62,native,ca4d0c93-220b-4861-87c1-bdb44cd13f72,calibration,rewrite,README.md,1,117,511,1,False,1,0.00016142223592164755,False,1.5043557463027854e-09,0.005885981097814752,0.9939525545725667,0.00016142223592164755,4.058934121684309e-08
63,native,ca4d0c93-220b-4861-87c1-bdb44cd13f72,calibration,rewrite,README.md,2,117,526,1,False,1,0.0002900831765366303,False,6.223090710750352e-10,0.0015091993737397862,0.998200486549992,0.0002900831765366303,2.3027742282597392e-07
64,native,82421023-b29d-46e6-a031-95f2ee0ee308,test,full_reasoning,native full,0,1849,332,0,,,0.2183695875889754,True,6.878592206501008e-08,8.837425974461821e-07,0.0009311361234088376,0.2183695875889754,0.7806983237590971
65,native,82421023-b29d-46e6-a031-95f2ee0ee308,test,full_final,native full,0,1611,2182,0,,,2.458716439890348e-10,False,1.1926746500292794e-20,3.0731643312998967e-18,7.455380267424721e-19,2.458716439890348e-10,0.9999999997541296
66,native,82421023-b29d-46e6-a031-95f2ee0ee308,test,excerpt,native reasoning,0,250,332,0,True,0,0.9170530170307966,True,1.5583381260419457e-06,1.1799022150036466e-05,0.009246045347162871,0.9170530170307966,0.07368758026176433
67,native,82421023-b29d-46e6-a031-95f2ee0ee308,test,excerpt,system prompt,1,249,3,1,False,1,0.6816411340521703,True,0.004656551461407995,0.0010538641070167506,0.25646370745064007,0.6816411340521703,0.0561847429287651
68,native,82421023-b29d-46e6-a031-95f2ee0ee308,test,excerpt,system prompt,2,250,491,0,True,0,0.2925381435440069,True,3.7572216681402455e-07,0.010836503134669112,0.6763170102635963,0.2925381435440069,0.020307967335561127
69,native,82421023-b29d-46e6-a031-95f2ee0ee308,test,excerpt,user message,1,250,476,0,True,0,0.15560652075622897,False,4.014369846915185e-07,0.05235333923514123,0.7776258562508803,0.15560652075622897,0.01441388232076523
70,native,82421023-b29d-46e6-a031-95f2ee0ee308,test,excerpt,user message,2,250,491,0,True,0,0.21832870908030905,True,2.2432079505319937e-07,0.04553605117730472,0.7211001029335355,0.21832870908030905,0.015034912488055543
71,native,82421023-b29d-46e6-a031-95f2ee0ee308,test,excerpt,README.md,1,249,511,1,False,1,0.01880066678154344,False,8.730728084451787e-08,2.031560870259631e-05,0.9797203359538991,0.01880066678154344,0.0014585943485742143
72,native,82421023-b29d-46e6-a031-95f2ee0ee308,test,excerpt,README.md,2,249,526,1,False,1,0.03711921861930823,False,8.308782216557701e-08,2.2159427123352263e-05,0.9563744735805918,0.03711921861930823,0.006484065285154221
73,native,82421023-b29d-46e6-a031-95f2ee0ee308,test,rewrite,native reasoning,0,200,332,0,True,0,0.93633802604425,True,5.0888658024402414e-05,0.000259348315523315,0.0004914606229696772,0.93633802604425,0.06286027635923241
74,native,82421023-b29d-46e6-a031-95f2ee0ee308,test,rewrite,system prompt,1,199,3,1,False,1,0.41265379228723764,True,0.08990370788568537,0.38639685699467047,0.08768030884519819,0.41265379228723764,0.023365333987208543
75,native,82421023-b29d-46e6-a031-95f2ee0ee308,test,rewrite,system prompt,2,200,491,0,True,0,0.05337210052245145,False,3.944310308421515e-07,0.7002498728642509,0.23693343957709764,0.05337210052245145,0.009444192605169275
76,native,82421023-b29d-46e6-a031-95f2ee0ee308,test,rewrite,user message,1,200,476,0,True,0,0.03525008475042401,False,2.6601056707322815e-07,0.8658455328366736,0.08973690261651565,0.03525008475042401,0.009167213785819237
77,native,82421023-b29d-46e6-a031-95f2ee0ee308,test,rewrite,user message,2,200,491,0,True,0,0.02946533658471835,False,8.89543469284159e-08,0.9262742941203463,0.03775875510505982,0.02946533658471835,0.006501525235528069
78,native,82421023-b29d-46e6-a031-95f2ee0ee308,test,rewrite,README.md,1,199,511,1,False,1,1.0730299594658796e-06,False,4.749529535743097e-10,8.26554837541424e-05,0.9999154762369797,1.0730299594658796e-06,7.947743538986132e-07
79,native,82421023-b29d-46e6-a031-95f2ee0ee308,test,rewrite,README.md,2,199,526,1,False,1,6.303271351590179e-05,False,5.448505088798024e-10,4.476889342752522e-05,0.9998873400422356,6.303271351590179e-05,4.857805969518834e-06
80,native,65e4ec48-2687-472e-b985-79443e3d454b,test,full_reasoning,native full,0,1450,57,0,,,0.23840729213522502,True,5.302018574934734e-07,0.00012952803815916892,1.3173661512175265e-06,0.23840729213522502,0.7614613322586088
81,native,65e4ec48-2687-472e-b985-79443e3d454b,test,full_final,native full,0,1965,1508,0,,,1.4809452852711821e-10,False,1.1393416452648651e-20,5.667241766464262e-20,1.2364061058698854e-22,1.4809452852711821e-10,0.9999999998519076
82,native,65e4ec48-2687-472e-b985-79443e3d454b,test,excerpt,native reasoning,0,250,57,0,True,0,0.8489400137073945,True,2.07185858271269e-06,0.0005831117137497681,5.941639574530121e-06,0.8489400137073945,0.15046886108069893
83,native,65e4ec48-2687-472e-b985-79443e3d454b,test,excerpt,system prompt,1,249,3,1,False,1,0.9354418180118464,True,0.0045862976094347046,0.00013125520207843254,0.0024621349757503875,0.9354418180118464,0.05737849420089022
84,native,65e4ec48-2687-472e-b985-79443e3d454b,test,excerpt,system prompt,2,250,491,0,True,0,0.9350846925370211,True,1.2016229200403422e-07,0.015301481298863148,0.029519193304345277,0.9350846925370211,0.020094512697478393
85,native,65e4ec48-2687-472e-b985-79443e3d454b,test,excerpt,user message,1,250,476,0,True,0,0.8326808906984559,True,3.8183907099870685e-07,0.07021412372160991,0.08452184557697422,0.8326808906984559,0.012582758163888824
86,native,65e4ec48-2687-472e-b985-79443e3d454b,test,excerpt,user message,2,250,491,0,True,0,0.8792775391250378,True,1.2489589014462022e-07,0.06139565738890492,0.04435887323669188,0.8792775391250378,0.014967805353475087
87,native,65e4ec48-2687-472e-b985-79443e3d454b,test,excerpt,README.md,1,249,511,1,False,1,0.6353383933418935,True,5.789510467299189e-07,0.0037615141687747677,0.35567196635094867,0.6353383933418935,0.005227547187336213
88,native,65e4ec48-2687-472e-b985-79443e3d454b,test,excerpt,README.md,2,249,526,1,False,1,0.6895028483497122,True,3.150531405072849e-08,0.0014291288781452033,0.2852081309919212,0.6895028483497122,0.023859860274906955
89,native,65e4ec48-2687-472e-b985-79443e3d454b,test,rewrite,native reasoning,0,164,57,0,True,0,0.9923467359283945,True,1.5621421414902027e-05,2.2555493142297583e-05,5.100844511432426e-09,0.9923467359283945,0.007615082056203841
90,native,65e4ec48-2687-472e-b985-79443e3d454b,test,rewrite,system prompt,1,163,3,1,False,1,0.4411257686852239,True,0.08331048610293461,0.4457700750391923,0.0030842027570124777,0.4411257686852239,0.02670946741563697
91,native,65e4ec48-2687-472e-b985-79443e3d454b,test,rewrite,system prompt,2,164,491,0,True,0,0.0639029430587533,False,9.073165978237478e-09,0.8988084704990534,0.032704924927480235,0.0639029430587533,0.004583652441547522
92,native,65e4ec48-2687-472e-b985-79443e3d454b,test,rewrite,user message,1,164,476,0,True,0,0.02746085779255605,False,4.996620783813883e-09,0.940373762128485,0.026919281843131235,0.02746085779255605,0.005246093239207182
93,native,65e4ec48-2687-472e-b985-79443e3d454b,test,rewrite,user message,2,164,491,0,True,0,0.019470213284640384,False,2.7980097831525104e-09,0.9616866550984486,0.01757010103343883,0.019470213284640384,0.0012730277854630977
94,native,65e4ec48-2687-472e-b985-79443e3d454b,test,rewrite,README.md,1,163,511,1,False,1,0.0006732950688497589,False,1.739275788004332e-08,0.06885424221469817,0.9304723857852565,0.0006732950688497589,5.953843802346581e-08
95,native,65e4ec48-2687-472e-b985-79443e3d454b,test,rewrite,README.md,2,163,526,1,False,1,0.0011307897820377528,False,4.797777828105044e-09,0.023242588965069377,0.9756260814641782,0.0011307897820377528,5.349909365327827e-07
96,native,2f0980cf-61d9-4cfe-9b67-fc16afc24ba5,test,full_reasoning,native full,0,2443,75,0,,,0.24015487561078194,True,2.459634108393592e-06,0.0011932034425105311,8.310804438439479e-06,0.24015487561078194,0.7586411505081606
97,native,2f0980cf-61d9-4cfe-9b67-fc16afc24ba5,test,full_final,native full,0,432,2519,0,,,1.320951498054071e-11,False,8.880116108617928e-25,3.189604712832992e-22,2.9574999071098346e-25,1.320951498054071e-11,0.9999999999867917
98,native,2f0980cf-61d9-4cfe-9b67-fc16afc24ba5,test,excerpt,native reasoning,0,231,75,0,True,0,0.9575105572304122,True,1.4554800807981152e-05,0.01045060128902332,5.0933900828110194e-05,0.9575105572304122,0.03197335277892785
99,native,2f0980cf-61d9-4cfe-9b67-fc16afc24ba5,test,excerpt,system prompt,1,230,3,1,False,1,0.9322841502562269,True,0.006383709729769907,0.0033954213902861498,0.028814174268375677,0.9322841502562269,0.029122544355342166
100,native,2f0980cf-61d9-4cfe-9b67-fc16afc24ba5,test,excerpt,system prompt,2,231,491,0,True,0,0.8589606731295506,True,5.382828453680526e-06,0.018576723524397133,0.11685742581775148,0.8589606731295506,0.00559979469984663
101,native,2f0980cf-61d9-4cfe-9b67-fc16afc24ba5,test,excerpt,user message,1,231,476,0,True,0,0.7650247422481593,True,6.612192103347521e-06,0.046005598135720395,0.18343705046894757,0.7650247422481593,0.005525996955069415
102,native,2f0980cf-61d9-4cfe-9b67-fc16afc24ba5,test,excerpt,user message,2,231,491,0,True,0,0.794511324793657,True,3.0896941526506863e-06,0.05025337939628639,0.15120767260963877,0.794511324793657,0.004024533506264984
103,native,2f0980cf-61d9-4cfe-9b67-fc16afc24ba5,test,excerpt,README.md,1,230,511,1,False,1,0.5336604391575935,True,3.0545675111034803e-06,0.008293482847323013,0.4575989919058051,0.5336604391575935,0.0004440315217673263
104,native,2f0980cf-61d9-4cfe-9b67-fc16afc24ba5,test,excerpt,README.md,2,230,526,1,False,1,0.5803811126053222,True,1.6843652962490493e-06,0.005913997262978366,0.41158529518660064,0.5803811126053222,0.0021179105798023834
105,native,2f0980cf-61d9-4cfe-9b67-fc16afc24ba5,test,rewrite,native reasoning,0,164,75,0,True,0,0.9675905940473492,True,0.0002908053662246895,0.021512761499583442,1.170036696854679e-06,0.9675905940473492,0.010604669050145659
106,native,2f0980cf-61d9-4cfe-9b67-fc16afc24ba5,test,rewrite,system prompt,1,163,3,1,False,1,0.6743816313385628,True,0.0269129998886592,0.2564605344758428,0.03504424928166409,0.6743816313385628,0.0072005850152711435
107,native,2f0980cf-61d9-4cfe-9b67-fc16afc24ba5,test,rewrite,system prompt,2,164,491,0,True,0,0.21324898051492522,True,2.0384249721903738e-07,0.5797801202621801,0.2056197697786469,0.21324898051492522,0.0013509256017508267
108,native,2f0980cf-61d9-4cfe-9b67-fc16afc24ba5,test,rewrite,user message,1,164,476,0,True,0,0.14666372438551495,False,1.1800814785294025e-06,0.7341158845507247,0.11643620748186065,0.14666372438551495,0.002783003500421117
109,native,2f0980cf-61d9-4cfe-9b67-fc16afc24ba5,test,rewrite,user message,2,164,491,0,True,0,0.13792161313120807,False,2.561425519626779e-07,0.7487549289195474,0.11156807519945845,0.13792161313120807,0.001755126607233774
110,native,2f0980cf-61d9-4cfe-9b67-fc16afc24ba5,test,rewrite,README.md,1,163,511,1,False,1,0.01583583037880746,False,6.071819542058154e-08,0.043913797681837986,0.9402498181029832,0.01583583037880746,4.931181760352164e-07
111,native,2f0980cf-61d9-4cfe-9b67-fc16afc24ba5,test,rewrite,README.md,2,163,526,1,False,1,0.0258330421158855,False,5.099195030040317e-08,0.03401971797926712,0.9401423673128474,0.0258330421158855,4.821600049933182e-06
112,native,a9982a88-3eaf-46c1-8450-36f954727b10,test,full_reasoning,native full,0,3112,87,0,,,0.13452015842465076,False,2.5035467588217083e-08,0.00015010841724544109,0.00025852838562673606,0.13452015842465076,0.8650711797370098
113,native,a9982a88-3eaf-46c1-8450-36f954727b10,test,full_final,native full,0,601,3200,0,,,8.741567919606027e-14,False,2.4589249089306384e-26,7.649388000732081e-22,9.436321434828823e-25,8.741567919606027e-14,0.9999999999999132
114,native,a9982a88-3eaf-46c1-8450-36f954727b10,test,excerpt,native reasoning,0,249,87,0,True,0,0.8476079484067239,True,8.668678139294288e-07,0.0027836638681649995,0.003553526203841644,0.8476079484067239,0.1460539946534555
115,native,a9982a88-3eaf-46c1-8450-36f954727b10,test,excerpt,system prompt,1,248,3,1,False,1,0.8751460353030586,True,0.004185619485877135,0.0022731135683422103,0.07163491693846931,0.8751460353030586,0.046760314704253216
116,native,a9982a88-3eaf-46c1-8450-36f954727b10,test,excerpt,system prompt,2,249,491,0,True,0,0.694721688742593,True,1.0245780321921229e-07,0.009403887749590068,0.27206636974389875,0.694721688742593,0.023807951306114142
117,native,a9982a88-3eaf-46c1-8450-36f954727b10,test,excerpt,user message,1,249,476,0,True,0,0.5313685290877681,True,6.907227493791378e-07,0.05232982916444127,0.4039926362146935,0.5313685290877681,0.012308314810347321
118,native,a9982a88-3eaf-46c1-8450-36f954727b10,test,excerpt,user message,2,249,491,0,True,0,0.602722905632441,True,2.6417302464616006e-07,0.03832026830407718,0.34321715978250117,0.602722905632441,0.01573940210795621
119,native,a9982a88-3eaf-46c1-8450-36f954727b10,test,excerpt,README.md,1,248,511,1,False,1,0.27173300861769306,True,5.04872910796492e-07,0.0010934864574478963,0.7230300962754111,0.27173300861769306,0.004142903776536629
120,native,a9982a88-3eaf-46c1-8450-36f954727b10,test,excerpt,README.md,2,248,526,1,False,1,0.31960348589829546,True,4.737179217396898e-07,0.00032207784003126236,0.6734085027709666,0.31960348589829546,0.006665459772784783
121,native,a9982a88-3eaf-46c1-8450-36f954727b10,test,rewrite,native reasoning,0,202,87,0,True,0,0.9685343813049616,True,2.41178785380927e-05,0.0075943899198395145,0.000548702894994269,0.9685343813049616,0.023298408001666812
122,native,a9982a88-3eaf-46c1-8450-36f954727b10,test,rewrite,system prompt,1,201,3,1,False,1,0.2898279498611093,True,0.09793763514207132,0.40221633032664755,0.20816221568482443,0.2898279498611093,0.0018558689853476395
123,native,a9982a88-3eaf-46c1-8450-36f954727b10,test,rewrite,system prompt,2,202,491,0,True,0,0.04244061168115873,False,7.025524278624983e-07,0.7242876829148396,0.22882917670094013,0.04244061168115873,0.004441826150633793
124,native,a9982a88-3eaf-46c1-8450-36f954727b10,test,rewrite,user message,1,202,476,0,True,0,0.0193233305173632,False,3.0104024090099935e-07,0.896201550035464,0.08010773262499055,0.0193233305173632,0.004367085781941664
125,native,a9982a88-3eaf-46c1-8450-36f954727b10,test,rewrite,user message,2,202,491,0,True,0,0.01590239958094358,False,2.4713850563723745e-07,0.9017867841427538,0.07757388444209264,0.01590239958094358,0.00473668469570434
126,native,a9982a88-3eaf-46c1-8450-36f954727b10,test,rewrite,README.md,1,201,511,1,False,1,6.342079445711212e-05,False,4.307245852594176e-08,4.533864889529259e-05,0.9998880253993564,6.342079445711212e-05,3.1720848333926663e-06
127,native,a9982a88-3eaf-46c1-8450-36f954727b10,test,rewrite,README.md,2,201,526,1,False,1,0.00029676751898930924,False,3.284354571013685e-08,5.01598648666136e-06,0.9996257373824018,0.00029676751898930924,7.244626857684771e-05
128,authored,temperature,cal,plain,native reasoning,0,31,47,0,True,0,0.8827126466742448,True,4.918188480831703e-05,0.11602608468791324,1.039789014022573e-05,0.8827126466742448,0.0012016888628935273
129,authored,temperature,cal,plain,system prompt,1,30,3,1,False,1,0.46054053446937615,True,0.14600186853953848,0.2752525006033987,0.035212651257764085,0.46054053446937615,0.08299244512992258
130,authored,temperature,cal,plain,system prompt,2,31,491,0,True,0,0.25207778258157304,True,8.24737712060912e-08,0.5792100433519191,0.16461313999361962,0.25207778258157304,0.004098951599116963
131,authored,temperature,cal,plain,user message,1,31,476,0,True,0,0.20018297772652716,True,3.707956539928266e-08,0.6515866830022884,0.11816942074557346,0.20018297772652716,0.030060881446045528
132,authored,temperature,cal,plain,user message,2,31,491,0,True,0,0.1465070160105407,False,1.7494743232545656e-08,0.7498923962119518,0.09278166323009664,0.1465070160105407,0.010818907052667635
133,authored,temperature,cal,plain,README.md,1,30,511,1,False,1,0.03210029533362587,False,8.758221464452538e-10,0.017210735913235783,0.950688827178519,0.03210029533362587,1.406987975715863e-07
134,authored,temperature,cal,plain,README.md,2,30,526,1,False,1,0.035049981271332804,False,6.258527864834286e-10,0.0237098213678169,0.9412393882282897,0.035049981271332804,8.085067079841282e-07
135,authored,temperature,cal,plan,native reasoning,0,71,47,0,True,0,0.9521450055643194,True,2.0894019142181323e-05,4.9146333575267364e-05,6.705189522109891e-06,0.9521450055643194,0.04777824889344113
136,authored,temperature,cal,plan,system prompt,1,70,3,1,False,1,0.5307466121672653,True,0.3072499658335886,0.0009672881492209685,0.060825941178358725,0.5307466121672653,0.10021019267156624
137,authored,temperature,cal,plan,system prompt,2,71,491,0,True,0,0.16174767513155697,False,1.4213083095741837e-07,0.48496314220311426,0.34835097062773684,0.16174767513155697,0.004938069906761062
138,authored,temperature,cal,plan,user message,1,71,476,0,True,0,0.03501381189295854,False,3.786677713993842e-08,0.7598847368038064,0.19271567695992983,0.03501381189295854,0.012385736476528067
139,authored,temperature,cal,plan,user message,2,71,491,0,True,0,0.0319074766292757,False,1.2258450074216771e-08,0.8281791996888832,0.13471698320169898,0.0319074766292757,0.005196328221692098
140,authored,temperature,cal,plan,README.md,1,70,511,1,False,1,0.013798905787077993,False,3.2781063924161836e-09,0.0013332120481723126,0.9848190074377281,0.013798905787077993,4.887144891532056e-05
141,authored,temperature,cal,plan,README.md,2,70,526,1,False,1,0.020505450164690547,False,1.6963027430785698e-10,0.00029950193620711577,0.9783546501701402,0.020505450164690547,0.0008403975593318056
142,authored,sorting,cal,plain,native reasoning,0,26,42,0,True,0,0.9653698711701105,True,0.00016813613893279988,0.022947378010075944,4.257178987834675e-06,0.9653698711701105,0.011510357501892884
143,authored,sorting,cal,plain,system prompt,1,25,3,1,False,1,0.696599170644306,True,0.027558019209492194,0.14984186826605939,0.023957690042908708,0.696599170644306,0.10204325183723371
144,authored,sorting,cal,plain,system prompt,2,26,491,0,True,0,0.5039820336231512,True,2.3305564764854103e-06,0.46298847746849847,0.005978822696141978,0.5039820336231512,0.027048335655731892
145,authored,sorting,cal,plain,user message,1,26,476,0,True,0,0.3107298597599355,True,3.6528269302592384e-07,0.6127703197892118,0.018067261657193436,0.3107298597599355,0.05843219351096632
146,authored,sorting,cal,plain,user message,2,26,491,0,True,0,0.27546470927547984,True,1.2314655102173857e-06,0.7070714120042708,0.0006908746926652131,0.27546470927547984,0.016771772562074145
147,authored,sorting,cal,plain,README.md,1,25,511,1,False,1,0.0165326468682618,False,1.863839173300926e-07,0.07742889691767402,0.9060131626459867,0.0165326468682618,2.510718416014547e-05
148,authored,sorting,cal,plain,README.md,2,25,526,1,False,1,0.08582412526606249,False,2.369980148640006e-07,0.03932626982449822,0.8744236190725091,0.08582412526606249,0.0004257488389151574
149,authored,sorting,cal,plan,native reasoning,0,72,42,0,True,0,0.9799977253397102,True,1.8690037436475812e-06,2.9762389791649696e-05,1.4182079987597247e-08,0.9799977253397102,0.01997062908467458
150,authored,sorting,cal,plan,system prompt,1,71,3,1,False,1,0.8873901261596562,True,0.02412298120310847,0.03385579036173034,0.017309112228345663,0.8873901261596562,0.03732199004715957
151,authored,sorting,cal,plan,system prompt,2,72,491,0,True,0,0.3942911358434889,True,3.694105199774251e-07,0.349483038427188,0.21934891229797282,0.3942911358434889,0.036876544020830175
152,authored,sorting,cal,plan,user message,1,72,476,0,True,0,0.1563757450241627,False,2.4819019121439664e-07,0.6704044769251519,0.15956923098773731,0.1563757450241627,0.013650298872756716
153,authored,sorting,cal,plan,user message,2,72,491,0,True,0,0.16688775164979386,True,1.6547262550619722e-07,0.7192380742056697,0.10304482445232602,0.16688775164979386,0.010829184219585277
154,authored,sorting,cal,plan,README.md,1,71,511,1,False,1,0.04424785859318453,False,4.0769613525367195e-08,0.005888980794947744,0.9448819797485247,0.04424785859318453,0.004981140093729914
155,authored,sorting,cal,plan,README.md,2,71,526,1,False,1,0.05813597296400007,False,2.4345772544214842e-08,0.0021994786920146105,0.931563906030262,0.05813597296400007,0.008100617967950832
156,authored,median,test,plain,native reasoning,0,29,45,0,True,0,0.880955331838312,True,1.0068198033043083e-05,0.11422150432906089,0.0030767430128966684,0.880955331838312,0.0017363526216973295
157,authored,median,test,plain,system prompt,1,28,3,1,False,1,0.6968686842478454,True,0.05896820422667459,0.12297838675485337,0.02756208173759948,0.6968686842478454,0.09362264303302699
158,authored,median,test,plain,system prompt,2,29,491,0,True,0,0.3420536610844548,True,3.443537581668778e-08,0.6093252189710066,0.03097838367222567,0.3420536610844548,0.017642701836937055
159,authored,median,test,plain,user message,1,29,476,0,True,0,0.23725407381710367,True,7.077153373273454e-09,0.6858126120193645,0.011307182668121715,0.23725407381710367,0.06562612441825676
160,authored,median,test,plain,user message,2,29,491,0,True,0,0.13779894015031613,False,7.751576430614015e-09,0.8382018730437655,0.006563982224116212,0.13779894015031613,0.0174351968302258
161,authored,median,test,plain,README.md,1,28,511,1,False,1,0.00047257563866514354,False,4.0534921697367524e-10,0.0022516765134921166,0.9972754996112304,0.00047257563866514354,2.478312631611202e-07
162,authored,median,test,plain,README.md,2,28,526,1,False,1,0.0009833900936210545,False,4.856040433617466e-10,0.015025132130731629,0.9839905542035327,0.0009833900936210545,9.230865105020028e-07
163,authored,median,test,plan,native reasoning,0,54,45,0,True,0,0.9973636928030958,True,7.456690800880718e-06,0.00046005619520086635,1.8728484311892478e-05,0.9973636928030958,0.002150065826590732
164,authored,median,test,plan,system prompt,1,53,3,1,False,1,0.8493413633741229,True,0.020875083553122002,0.00407346279753701,0.000355875302728075,0.8493413633741229,0.1253542149724899
165,authored,median,test,plan,system prompt,2,54,491,0,True,0,0.42331464023393894,True,4.247882639842032e-08,0.37266331933982927,0.15105228348759403,0.42331464023393894,0.05296971445981119
166,authored,median,test,plan,user message,1,54,476,0,True,0,0.19739614846409115,True,3.4177689752775306e-08,0.6998601295343986,0.0591761904726407,0.19739614846409115,0.0435674973511801
167,authored,median,test,plan,user message,2,54,491,0,True,0,0.16428812475204974,True,1.8177008146723067e-08,0.7713358585019159,0.03745079904014652,0.16428812475204974,0.026925199528879756
168,authored,median,test,plan,README.md,1,53,511,1,False,1,0.02865191214613248,False,6.173615771719631e-09,0.0039287289487194435,0.966696679270104,0.02865191214613248,0.0007226734614280984
169,authored,median,test,plan,README.md,2,53,526,1,False,1,0.0274598184869229,False,1.7591445028487675e-10,0.00013917171317263252,0.9659148939352222,0.0274598184869229,0.006486115688767992
170,authored,unit,test,plain,native reasoning,0,35,51,0,True,0,0.8651855629961134,True,0.00026477604062034974,0.13338025916996216,4.318645326532009e-05,0.8651855629961134,0.001126215340038737
171,authored,unit,test,plain,system prompt,1,34,3,1,False,1,0.37902365465512755,True,0.1461196105847851,0.3568908712925052,0.02912710778616943,0.37902365465512755,0.08883875568141268
172,authored,unit,test,plain,system prompt,2,35,491,0,True,0,0.21833943649258788,True,9.58710026068862e-08,0.6226492360801021,0.14833600536496103,0.21833943649258788,0.01067522619134647
173,authored,unit,test,plain,user message,1,35,476,0,True,0,0.13930926170765331,False,7.661961430576846e-08,0.7740626105275465,0.05360484195951785,0.13930926170765331,0.03302320918566796
174,authored,unit,test,plain,user message,2,35,491,0,True,0,0.06432457672241192,False,2.6934947601288297e-08,0.8899847256939254,0.04019688927190299,0.06432457672241192,0.005493781376812157
175,authored,unit,test,plain,README.md,1,34,511,1,False,1,0.029021358564853928,False,9.461472976789662e-10,0.001464179025922576,0.9695138428517341,0.029021358564853928,6.186113421547734e-07
176,authored,unit,test,plain,README.md,2,34,526,1,False,1,0.03626049703414255,False,1.999105447844979e-10,0.0013996853265607202,0.962290478269153,0.03626049703414255,4.9339170233059165e-05
177,authored,unit,test,plan,native reasoning,0,101,51,0,True,0,0.9865306662167587,True,3.3622383477037916e-05,0.0004154008346758364,8.72922526018347e-06,0.9865306662167587,0.013011581339828293
178,authored,unit,test,plan,system prompt,1,100,3,1,False,1,0.7764729434490657,True,0.08433967403993513,0.00023484493113867902,0.10571083226477486,0.7764729434490657,0.033241705315085864
179,authored,unit,test,plan,system prompt,2,101,491,0,True,0,0.20783036895989054,True,3.4702561951478914e-07,0.30251532885476107,0.4775708706161899,0.20783036895989054,0.012083084543538897
180,authored,unit,test,plan,user message,1,101,476,0,True,0,0.06427257803706851,False,3.1390315911126386e-07,0.6657853554531908,0.26365832704457315,0.06427257803706851,0.006283425562008211
181,authored,unit,test,plan,user message,2,101,491,0,True,0,0.04525676771769586,False,1.8034285890462378e-07,0.8047224961264373,0.14616251015148143,0.04525676771769586,0.003858045661526622
182,authored,unit,test,plan,README.md,1,100,511,1,False,1,0.018656218031958948,False,4.035071196879128e-09,0.00086093814246808,0.9803239074587538,0.018656218031958948,0.0001589323317478192
183,authored,unit,test,plan,README.md,2,100,526,1,False,1,0.027805968343176453,False,1.7941371449302685e-10,0.00014083174975941138,0.9718599628357603,0.027805968343176453,0.00019323689189024856
